Id. Producto,Categoria_H,prod_months_count,prod_avg_units,prod_min_units,prod_max_units,prod_p10_units,prod_p90_units,prod_down_percent,prod_up_percent,prod_cv_percent,cat_months_count,cat_avg_units,cat_down_percent,cat_up_percent,cat_cv_percent,product_weight,category_weight,final_down_percent,final_up_percent,normal_min_units,normal_max_units
178,Categoria C1,59,23.271186440677965,3,64,9.0,40.60000000000001,-61.32556445739257,74.46467589220688,57.06313665568812,60,2615.15,-27.717339349559307,29.659866546851998,22.23696556257227,0.75,0.25,-52.923508180434254,63.26347355586817,10.955258181061655,37.99334732071305
3399,Categoria C1,60,14.083333333333334,2,34,5.0,27.1,-64.49704142011834,92.42603550295858,59.16698407447998,60,2615.15,-27.717339349559307,29.659866546851998,22.23696556257227,0.75,0.25,-55.302115902478576,76.73449326393194,6.294952010400934,24.89010780133708
3408,Categoria C1,60,790.6333333333333,389,1198,623.4,984.5,-21.15181921666175,24.52042666216957,19.980627059516003,60,2615.15,-27.717339349559307,29.659866546851998,22.23696556257227,0.75,0.25,-22.793199249886136,25.805286633340174,610.4227023306502,994.6585312187318
4565,Categoria C1,60,526.0166666666667,273,892,370.3,761.2,-29.60299103323722,44.71024365514402,26.345479938663352,60,2615.15,-27.717339349559307,29.659866546851998,22.23696556257227,0.75,0.25,-29.13157811231774,40.94764937807101,372.7797105328566,741.4081270035499
4566,Categoria C1,60,1129.4666666666667,642,1765,770.9,1560.4,-31.746547042852086,38.15370086176367,25.30267129046579,60,2615.15,-27.717339349559307,29.659866546851998,22.23696556257227,0.75,0.25,-30.739245119528892,36.030242283035754,782.2771394566278,1536.4162431727946
4567,Categoria C1,60,132.06666666666666,40,233,75.0,187.1,-43.21049974760222,41.670873296314994,30.855399482345064,60,2615.15,-27.717339349559307,29.659866546851998,22.23696556257227,0.75,0.25,-39.337209648091495,38.66812160894924,80.11532512475384,183.13436593821896
4911,Categoria C2,60,348.96666666666664,160,845,212.8,472.6,-39.01996370235934,35.42840767981662,34.95056292467504,60,1536.55,-32.55019361556734,33.493866128664855,23.291794635507333,0.75,0.25,-37.40252118066134,34.944772292028674,218.44433525321878,470.912273708416
4912,Categoria C2,60,1187.5833333333333,531,1711,825.2,1581.1000000000001,-30.514349870184542,33.135920286295715,24.434109910413884,60,1536.55,-32.55019361556734,33.493866128664855,23.291794635507333,0.75,0.25,-31.02331080653024,33.225406746888005,819.1556647467812,1582.162726291584
5099,Categoria T1,60,574.0,288,882,405.0,716.3,-29.442508710801395,24.790940766550516,21.33446289197719,60,1149.6166666666666,-24.33999739043449,25.198254490627335,20.335638009841585,0.75,0.25,-28.166880880709673,24.89276919756972,412.3221037447265,716.8844951940503
5100,Categoria T1,60,45.333333333333336,14,132,23.0,71.1,-49.26470588235294,56.838235294117624,47.795939071052594,60,1149.6166666666666,-24.33999739043449,25.198254490627335,20.335638009841585,0.75,0.25,-43.03352875937333,48.92824009324505,25.82480029575076,67.51413550893776
5102,Categoria T1,60,21.85,5,44,11.700000000000001,35.1,-46.453089244851256,60.64073226544622,43.49009896465141,60,1149.6166666666666,-24.33999739043449,25.198254490627335,20.335638009841585,0.75,0.25,-40.92481628124707,51.7801128217415,12.907927642547516,33.16395465155052
5103,Categoria T1,60,96.26666666666667,29,166,60.0,129.1,-37.67313019390582,34.10664819944598,28.257816422000165,60,1149.6166666666666,-24.33999739043449,25.198254490627335,20.335638009841585,0.75,0.25,-34.33984699303799,31.879549772241315,63.20884062803544,126.95604658074431
5104,Categoria T1,16,2.875,1,7,1.0,5.0,-65.21739130434783,73.91304347826086,63.34510552880109,60,1149.6166666666666,-24.33999739043449,25.198254490627335,20.335638009841585,0.6,0.4,-48.8664337387825,54.42712788320745,1.470090030010003,4.439779926642214
5105,Categoria T1,47,15.74468085106383,0,40,6.6000000000000005,27.0,-58.081081081081074,71.48648648648648,52.84909915126402,60,1149.6166666666666,-24.33999739043449,25.198254490627335,20.335638009841585,0.75,0.25,-49.64581015841943,59.9144284875217,7.928106485695666,25.178016400162992
5106,Categoria T1,48,10.375,1,28,3.0,20.0,-71.08433734939759,92.7710843373494,65.57186775289476,60,1149.6166666666666,-24.33999739043449,25.198254490627335,20.335638009841585,0.75,0.25,-59.39825235965681,75.87787687566887,4.212431317685605,18.247329725850648
5107,Categoria T1,60,48.3,25,92,30.0,67.1,-37.888198757763966,38.923395445134574,30.9053444315403,60,1149.6166666666666,-24.33999739043449,25.198254490627335,20.335638009841585,0.75,0.25,-34.501148415931596,35.49211020650777,31.63594531510504,65.44268922974325
5108,Categoria T1,60,92.26666666666667,40,174,56.7,126.30000000000001,-38.547687861271676,36.88583815028903,30.927050054485832,60,1149.6166666666666,-24.33999739043449,25.198254490627335,20.335638009841585,0.75,0.25,-34.995765243562374,33.96394223537361,59.977240601939776,123.60406403583804
5112,Categoria T1,58,13.982758620689655,1,45,4.0,23.0,-71.39334155363748,64.48828606658446,65.08575074827044,60,1149.6166666666666,-24.33999739043449,25.198254490627335,20.335638009841585,0.75,0.25,-59.630005512836725,54.66577817259518,5.644838884325761,21.62654243068529
5115,Categoria T1,60,179.05,67,265,125.3,238.8,-30.019547612398778,33.37056688075956,24.392196236329337,60,1149.6166666666666,-24.33999739043449,25.198254490627335,20.335638009841585,0.75,0.25,-28.599660056907705,31.327488783226503,127.84230866810677,235.1418686663671
5116,Categoria T1,60,17.616666666666667,5,42,8.0,28.0,-54.58845789971618,58.94039735099338,47.482081084775515,60,1149.6166666666666,-24.33999739043449,25.198254490627335,20.335638009841585,0.75,0.25,-47.02634277239576,50.50486163590187,9.332192614929614,26.513939791524713
5117,Categoria T1,47,7.638297872340425,1,43,1.0,22.799999999999997,-86.90807799442896,198.49582172701946,125.25914240477682,60,1149.6166666666666,-24.33999739043449,25.198254490627335,20.335638009841585,0.75,0.25,-71.26605784343035,155.17142991792144,2.1947840923847886,19.49075390224123
5118,Categoria T1,60,16.016666666666666,-1,39,7.0,26.0,-56.29552549427679,62.330905306971914,51.33729336053056,60,1149.6166666666666,-24.33999739043449,25.198254490627335,20.335638009841585,0.75,0.25,-48.30664346831621,53.04774260288577,8.279552604491354,24.513146773562205
5119,Categoria T1,57,9.929824561403509,2,26,4.0,16.0,-59.717314487632514,61.130742049469966,49.36755869612228,60,1149.6166666666666,-24.33999739043449,25.198254490627335,20.335638009841585,0.75,0.25,-50.87298521333301,52.14762015975931,4.878226380570792,15.107991756214696
5381,Categoria T1,24,6.208333333333333,1,16,2.0,12.7,-67.78523489932886,104.56375838926175,75.2479875602097,60,1149.6166666666666,-24.33999739043449,25.198254490627335,20.335638009841585,0.75,0.25,-56.923925522105264,84.72238241460315,2.6743062905026314,11.468181241573278
5382,Categoria T1,27,13.555555555555555,1,47,3.0,26.800000000000004,-77.8688524590164,97.70491803278692,82.71443772956567,60,1149.6166666666666,-24.33999739043449,25.198254490627335,20.335638009841585,0.75,0.25,-64.48663869187091,79.57825214724703,4.81403342176861,24.342829735515707
